261-2222,sore throat home remedy
261-5906,sore throat
261-6263,home care cough remedy
261-3964,what can i use to cure a sore throat
261-4857,what are some homemade remedy for a sore throat
261-0,nausea remedy
253-3763, tooth abscess treatment
253-6283,abscess treatment
253-3467,treatment for tooth abscess
253-1388,tooth pain treatment
253-1872,treatment for jaw pain
253-0, will tooth fairy help with pain
259-3561,carpenter bee removal
259-6786,how to remove carpenter bee
259-9412,bee removal
259-9374,pest control
259-8646,hotline for bee control
259-0,carpet damage
213-2264,carpal tunnel syndrome
213-2326,cts syndrome
213-5606,what is carpal tunnel syndrome
213-7111,carpal tunnel
213-5173,carpal tunnel syndrome wiki
213-0,carpool tunnel
297-9981,altitude sickness prevention
297-3878,altitude sickness
297-9743,treatment for altitude sickness
297-7913,how to overcome altitude sickness
297-5173,mexico city altitude sickness prevention
297-0,new mexico altitude
234-1188,healthy food
234-3339,healthy dark chocolate
234-4926,dark chocolate health
234-7913,how healthy is dark chocolate to the human body
234-1823,health impact of dark chocolate
234-0,benefits of darkness on health
283-8091,ride in pennsylvania
283-2264,hayride in pennsylvania
283-2364,where in pennsylvania you can go on a hayride
283-1292,pennsylvania usa hayride
283-7317       ,hayride pennsylvania
283-0,pennsylvania high road
244-9854,old town scottsdale history
244-1723,old town scottsdale
244-5048,history of old town scottsdale arizona
244-6987,old town scottsdale phoenix
244-1606,info on old town scottsdale
244-0,order of the phoenix
266-5955,heart attack
266-7317,heart and stroke foundation
266-9035,what to do to prevent a heart attack
266-5597,heart attack first steps
266-8538,heart attack symptom list
266-0,hospital attack
238-7061,george h w bush
238-1870,george hw bush biography
238-3199,george bush
238-5526,president george h w bush biography
238-8725,what is a good biography on george h w bush
238-0,bosch in usa
223-9981,usda food pyramid
223-6720,food pyramid
223-8425,food pyramid from usda
223-9467,usda nutrition guidelines
223-9430,healthy food pyramid diet
223-0,egypt pyramid
286-5878,schizophrenia drug treatment
286-6826,schizophrenia medication
286-6720,schizophrenia
286-3347,common drug therapy for schizophrenia
286-7061,drug treatment schizophrenia
286-0,psycho killer
